,Wall time,Step,Value
0,1716091038.207402,100,0.74495323181152
1,1716091048.021654,200,0.731495323181152
2,1716091057.375312,300,0.720495323181152
3,1716091066.672712,400,0.7101516423225404
4,1716091076.002672,500,0.7051150803565979
5,1716091084.968061,600,0.7007710518836975
6,1716091093.20481,700,0.664840579032898
7,1716091101.495652,800,0.6201962232589722
8,1716091109.75139,900,0.5802232027053833
9,1716091118.05113,1000,0.5779277682304382
10,1716091127.815935,1100,0.577133297920227
11,1716091136.085914,1200,0.5638312101364136
12,1716091144.772394,1300,0.5623282790184021
13,1716091153.583171,1400,0.5589913725852966
14,1716091162.131004,1500,0.5557818412780762
15,1716091170.903596,1600,0.555133297920227
16,1716091180.098311,1700,0.5541507005691528
17,1716091189.240403,1800,0.5308598279953003
18,1716091198.52506,1900,0.5203163027763367
19,1716091207.84203,2000,0.5062445402145386
20,1716091223.264142,2100,0.5038257241249084
21,1716091232.805317,2200,0.5022581219673157
22,1716091242.429701,2300,0.500613272190094
23,1716091252.118316,2400,0.4945836365222931
24,1716091261.36809,2500,0.4940871596336365
25,1716091269.931636,2600,0.4850494861602783
26,1716091278.259546,2700,0.4622645676136017
27,1716091287.012114,2800,0.4595628380775451
28,1716091295.434829,2900,0.4593279659748077
29,1716091303.83699,3000,0.4588449597358703
30,1716091312.932813,3100,0.4580861926078796
31,1716091321.328298,3200,0.4556699693202972
32,1716091329.786802,3300,0.4498969316482544
33,1716091338.20087,3400,0.4484919905662536
34,1716091346.638209,3500,0.4440230131149292
35,1716091355.219743,3600,0.4439485967159271
36,1716091363.574583,3700,0.4352100789546966
37,1716091371.945013,3800,0.4349387288093567
38,1716091380.402701,3900,0.4338999688625335
39,1716091389.511943,4000,0.4331392049789428
40,1716091400.12364,4100,0.4310989677906036
41,1716091409.434883,4200,0.4310951828956604
42,1716091419.2017,4300,0.4298011064529419
43,1716091428.752585,4400,0.4280836582183838
44,1716091438.168285,4500,0.4257696866989136
45,1716091447.774206,4600,0.41822150349617
46,1716091457.294359,4700,0.4139922261238098
47,1716091465.963041,4800,0.4124794006347656
48,1716091474.343017,4900,0.4119205772876739
49,1716091483.12808,5000,0.4117383956909179
50,1716091492.33735,5100,0.406609445810318
51,1716091500.810811,5200,0.4064033925533294
52,1716091509.239079,5300,0.4063147306442261
53,1716091517.656869,5400,0.404668927192688
54,1716091526.055249,5500,0.402506947517395
55,1716091534.479596,5600,0.4011710286140442
56,1716091542.861192,5700,0.397918164730072
57,1716091551.512551,5800,0.3962202668190002
58,1716091559.891269,5900,0.3943608403205871
59,1716091568.465294,6000,0.3942722976207733
60,1716091577.53332,6100,0.3928313851356506
61,1716091586.385867,6200,0.3896633088588714
62,1716091595.670927,6300,0.3862673640251159
63,1716091604.913616,6400,0.3815400898456573
64,1716091614.483513,6500,0.3794347047805786
65,1716091624.042373,6600,0.3792797327041626
66,1716091633.564633,6700,0.3788787126541137
67,1716091643.30996,6800,0.3770903944969177
68,1716091653.166683,6900,0.3739675283432007
69,1716091662.72865,7000,0.3734176158905029
70,1716091672.35394,7100,0.3732039928436279
71,1716091680.881275,7200,0.3718695044517517
72,1716091689.736302,7300,0.3707845211029053
73,1716091698.131611,7400,0.3691178858280182
74,1716091706.542731,7500,0.3673617839813232
75,1716091715.0218,7600,0.3662322461605072
76,1716091723.804666,7700,0.3662199378013611
77,1716091732.226616,7800,0.3654091656208038
78,1716091740.697329,7900,0.3645973801612854
79,1716091749.369153,8000,0.3635973801612854
80,1716091758.843042,8100,0.3621006608009338
81,1716091767.261939,8200,0.3608579933643341
82,1716091775.630096,8300,0.3608184456825256
83,1716091784.354276,8400,0.3601276874542236
84,1716091793.732634,8500,0.3584899008274078
85,1716091803.201539,8600,0.3583208620548248
86,1716091812.715324,8700,0.3574261963367462
87,1716091822.374782,8800,0.355605274438858
88,1716091832.114357,8900,0.3553633391857147
89,1716091841.695032,9000,0.3551449775695801
90,1716091852.611552,9100,0.3542519211769104
91,1716091862.053259,9200,0.3534084856510162
92,1716091870.801546,9300,0.3529636859893799
93,1716091879.362971,9400,0.3518176972866058
94,1716091888.090519,9500,0.3493213653564453
95,1716091896.536789,9600,0.3453039228916168
96,1716091904.955015,9700,0.3445254564285278
97,1716091913.34157,9800,0.3444359004497528
98,1716091921.909059,9900,0.3434234261512756
99,1716091930.348844,10000,0.3431450724601745
100,1716091939.525703,10100,0.3425849080085754
101,1716091948.059382,10200,0.3421972692012787
102,1716091956.608976,10300,0.342110276222229
103,1716091965.023461,10400,0.3420816957950592
104,1716091973.48785,10500,0.3378995954990387
105,1716091982.143396,10600,0.3373638391494751
106,1716091991.373455,10700,0.3361923694610595
107,1716092000.853196,10800,0.3356269896030426
108,1716092010.305049,10900,0.3352382779121399
109,1716092019.961578,11000,0.335232675075531
110,1716092030.897271,11100,0.334461510181427
111,1716092040.393028,11200,0.3330422937870025
112,1716092050.080856,11300,0.3310057818889618
113,1716092059.391287,11400,0.3303103148937225
114,1716092068.008561,11500,0.3289389610290527
115,1716092076.395944,11600,0.3283551037311554
116,1716092085.214591,11700,0.3261679708957672
117,1716092093.790167,11800,0.3260297179222107
118,1716092102.198,11900,0.3254812359809875
119,1716092110.696456,12000,0.3250618577003479
120,1716092120.122261,12100,0.3249637484550476
121,1716092128.609884,12200,0.323328286409378
122,1716092137.165029,12300,0.3224961161613464
123,1716092145.850177,12400,0.3211264610290527
124,1716092154.36109,12500,0.3196972012519836
125,1716092162.75475,12600,0.3186987936496734
126,1716092171.173001,12700,0.3186267614364624
127,1716092179.661559,12800,0.3185017704963684
128,1716092188.677842,12900,0.3184530436992645
129,1716092198.228375,13000,0.3170995414257049
130,1716092208.902197,13100,0.3167522549629211
131,1716092218.530961,13200,0.3156625032424927
132,1716092227.865257,13300,0.3153115510940552
133,1716092237.399862,13400,0.3143968880176544
134,1716092247.078182,13500,0.3125220537185669
135,1716092256.724987,13600,0.3122676610946655
136,1716092265.600626,13700,0.3112328052520752
137,1716092274.119958,13800,0.3109723627567291
138,1716092282.893664,13900,0.3108998537063598
139,1716092291.337824,14000,0.3106253445148468
140,1716092300.521595,14100,0.3104601502418518
141,1716092308.966417,14200,0.3098101615905761
142,1716092317.610069,14300,0.3094016909599304
143,1716092326.082267,14400,0.3090835511684418
144,1716092334.514831,14500,0.3078914880752563
145,1716092342.910746,14600,0.307464599609375
146,1716092351.592004,14700,0.3066619634628296
147,1716092359.975287,14800,0.305627167224884
148,1716092368.31259,14900,0.3055593371391296
149,1716092376.715962,15000,0.3050659298896789
150,1716092386.892275,15100,0.3044115304946899
151,1716092396.134783,15200,0.3034162521362304
152,1716092405.521871,15300,0.3031962811946869
153,1716092415.129329,15400,0.3031184673309326
154,1716092424.514093,15500,0.3029879927635193
155,1716092434.00723,15600,0.3029789924621582
156,1716092443.668335,15700,0.3023963570594787
157,1716092453.396379,15800,0.3022569119930267
158,1716092462.69566,15900,0.3021459579467773
159,1716092471.380307,16000,0.3015689253807068
160,1716092480.814581,16100,0.3015047311782837
161,1716092489.284,16200,0.3009921908378601
162,1716092497.721304,16300,0.299884021282196
163,1716092506.207711,16400,0.2991429567337036
164,1716092514.779558,16500,0.2989808917045593
165,1716092523.21895,16600,0.2988448143005371
166,1716092531.577285,16700,0.2979646027088165
167,1716092540.026752,16800,0.2962152659893036
168,1716092548.637489,16900,0.2939870953559875
169,1716092557.089016,17000,0.2937690019607544
170,1716092566.151196,17100,0.2935150563716888
171,1716092574.597307,17200,0.2916213572025299
172,1716092583.328631,17300,0.2915444374084472
173,1716092592.521603,17400,0.2914943695068359
174,1716092602.051993,17500,0.2909950613975525
175,1716092611.794095,17600,0.2908200025558471
176,1716092621.446753,17700,0.2903940081596374
177,1716092631.024283,17800,0.290294349193573
178,1716092640.52383,17900,0.2901811003684997
179,1716092651.046417,18000,0.2899316549301147
180,1716092662.122881,18100,0.2894890904426574
181,1716092670.838482,18200,0.2891634404659271
182,1716092679.584106,18300,0.2878463566303253
183,1716092688.153989,18400,0.2870571613311767
184,1716092696.642815,18500,0.2868353724479675
185,1716092705.139177,18600,0.2868125736713409
186,1716092713.825232,18700,0.2867482304573059
187,1716092722.272984,18800,0.2864264249801636
188,1716092730.840945,18900,0.286250352859497
189,1716092739.442402,19000,0.2852813005447387
190,1716092748.77204,19100,0.2841326594352722
191,1716092757.170364,19200,0.2839678823947906
192,1716092765.608119,19300,0.2836654186248779
193,1716092774.114422,19400,0.2836034893989563
194,1716092782.892685,19500,0.2833934128284454
195,1716092792.176832,19600,0.2833214402198791
196,1716092801.685378,19700,0.2832911610603332
197,1716092811.459348,19800,0.2818965911865234
198,1716092820.910297,19900,0.2814143300056457
199,1716092830.337613,20000,0.2812000215053558
200,1716092841.119976,20100,0.2803978323936462
201,1716092850.736585,20200,0.2797596454620361
202,1716092860.138627,20300,0.2792902290821075
203,1716092868.773231,20400,0.2777368426322937
204,1716092877.60855,20500,0.2775730490684509
205,1716092886.124585,20600,0.2769901156425476
206,1716092894.671566,20700,0.2769159376621246
207,1716092903.182963,20800,0.276344895362854
208,1716092911.871262,20900,0.2748866677284241
209,1716092920.326153,21000,0.2742001414299011
210,1716092929.479382,21100,0.2733851671218872
211,1716092938.061748,21200,0.2728936672210693
212,1716092946.607533,21300,0.272164911031723
213,1716092955.072202,21400,0.2709106802940368
214,1716092963.528111,21500,0.2708427309989929
215,1716092972.089652,21600,0.2708346545696258
216,1716092980.774553,21700,0.2708117663860321
217,1716092989.756289,21800,0.270326018333435
218,1716092999.120266,21900,0.2692265510559082
219,1716093008.765818,22000,0.269117663860321
220,1716093019.41702,22100,0.2686696648597717
221,1716093028.958662,22200,0.2681075930595398
222,1716093038.552469,22300,0.2675133943557739
223,1716093048.306293,22400,0.2672325074672699
224,1716093057.718944,22500,0.2666955888271332
225,1716093066.389546,22600,0.2662909626960754
226,1716093075.192029,22700,0.2646025419235229
227,1716093083.637321,22800,0.2643241286277771
228,1716093092.069192,22900,0.2629949152469635
229,1716093100.495004,23000,0.2629820108413696
230,1716093109.815919,23100,0.262923389673233
231,1716093118.202226,23200,0.2627897262573242
232,1716093126.658293,23300,0.2627193331718445
233,1716093135.274135,23400,0.2624408602714538
234,1716093143.84537,23500,0.2621949315071106
235,1716093152.230106,23600,0.2616557478904724
236,1716093160.760777,23700,0.2614643573760986
237,1716093169.285736,23800,0.2610890567302704
238,1716093177.869641,23900,0.260967880487442
239,1716093186.772729,24000,0.2601521611213684
240,1716093197.290398,24100,0.2600890567302704
241,1716093207.049203,24200,0.2600531280040741
242,1716093216.586368,24300,0.2592687010765075
243,1716093226.132771,24400,0.2589950263500213
244,1716093235.757291,24500,0.2589823007583618
245,1716093245.548091,24600,0.2587621808052063
246,1716093255.053609,24700,0.2586996853351593
247,1716093264.460796,24800,0.258338451385498
248,1716093273.395646,24900,0.2576406300067901
249,1716093281.87665,25000,0.2568997740745544
250,1716093291.035559,25100,0.2560367286205292
251,1716093299.52135,25200,0.2560204863548279
252,1716093308.226667,25300,0.2558386027812958
253,1716093316.706916,25400,0.2555994689464569
254,1716093325.150956,25500,0.2554506361484527
255,1716093333.6265,25600,0.2544014155864715
256,1716093342.380574,25700,0.2537787854671478
257,1716093350.876792,25800,0.2533937692642212
258,1716093359.317643,25900,0.25333371758461
259,1716093367.785709,26000,0.2526183128356933
260,1716093377.195316,26100,0.252227634191513
261,1716093385.885711,26200,0.2516642212867737
262,1716093395.185081,26300,0.2514514327049255
263,1716093404.725466,26400,0.2506452798843384
264,1716093414.07753,26500,0.2499807775020599
265,1716093423.473324,26600,0.2499587535858154
266,1716093433.078061,26700,0.2499278783798217
267,1716093442.786544,26800,0.249424934387207
268,1716093452.244279,26900,0.2493792176246643
269,1716093461.548181,27000,0.2489131540060043
270,1716093472.096957,27100,0.2488946318626403
271,1716093480.57018,27200,0.2479366809129715
272,1716093489.101084,27300,0.2471387386322021
273,1716093497.563917,27400,0.2470493018627166
274,1716093506.302972,27500,0.2463443875312805
275,1716093514.826831,27600,0.246342271566391
276,1716093523.500055,27700,0.2462302148342132
277,1716093532.193188,27800,0.2450157105922699
278,1716093541.07318,27900,0.2437771260738372
279,1716093549.507051,28000,0.2437208890914917
280,1716093558.643863,28100,0.2434382438659668
281,1716093567.155646,28200,0.24263896048069
282,1716093575.886989,28300,0.242318570613861
283,1716093584.647359,28400,0.2421597838401794
284,1716093593.876498,28500,0.2410098016262054
285,1716093603.456653,28600,0.2404664307832718
286,1716093613.173788,28700,0.239163190126419
287,1716093622.558607,28800,0.24
288,1716093632.073934,28900,0.23970074875156094
289,1716093641.774262,29000,0.23940299002495008
290,1716093652.768366,29100,0.23910671637618375
291,1716093662.326164,29200,0.23881192039840532
292,1716093671.787978,29300,0.23851859472169995
293,1716093680.454849,29400,0.23822673201291047
294,1716093689.003401,29500,0.23793632497545397
295,1716093697.645927,29600,0.23764736634913938
296,1716093706.418123,29700,0.237359848909986
297,1716093714.991522,29800,0.23707376547004283
298,1716093723.412905,29900,0.23678910887720903
299,1716093731.86468,30000,0.2365058720150549
300,1716093741.279924,30100,0.2362240478026442
301,1716093749.729588,30200,0.23594362919435688
302,1716093758.157427,30300,0.23566460917971316
303,1716093766.613061,30400,0.23538698078319814
304,1716093775.258407,30500,0.23511073706408744
305,1716093783.891073,30600,0.2348358711162737
306,1716093793.192597,30700,0.23456237606809388
307,1716093802.777264,30800,0.23429024508215757
308,1716093812.303311,30900,0.23401947135517592
309,1716093821.789315,31000,0.23375004811779168
310,1716093832.653487,31100,0.23348196863440987
311,1716093842.411807,31200,0.23321522620302942
312,1716093852.065746,31300,0.2329498141550757
313,1716093861.694742,31400,0.23268572585523367
314,1716093870.800284,31500,0.23242295470128205
315,1716093879.328537,31600,0.23216149412392834
316,1716093887.890664,31700,0.23190133758664447
317,1716093896.390409,31800,0.23164247858550346
318,1716093905.17353,31900,0.2313849106490168
319,1716093913.638024,32000,0.23112862733797268
320,1716093922.777065,32100,0.23087362224527494
321,1716093931.256171,32200,0.230619888995783
322,1716093939.960869,32300,0.23036742124615245
323,1716093948.501572,32400,0.2301162126846763
324,1716093956.983462,32500,0.22986625703112754
325,1716093965.469985,32600,0.22961754803660173
326,1716093974.158097,32700,0.2293700794833611
327,1716093982.839389,32800,0.2291238451846789
328,1716093992.161757,32900,0.22887883898468486
329,1716094002.056834,33000,0.22863505475821122
330,1716094012.95254,33100,0.2283924864106396
331,1716094022.541598,33200,0.22815112787774872
332,1716094032.19581,33300,0.22791097312556263
333,1716094041.82501,33400,0.22767201615020005
334,1716094051.264573,33500,0.22743425097772413
335,1716094060.867636,33600,0.22719767166399318
336,1716094070.215914,33700,0.22696227229451207
337,1716094078.811985,33800,0.22672804698428428
338,1716094087.402915,33900,0.22649498987766487
339,1716094095.89512,34000,0.22626309514821397
340,1716094105.360873,34100,0.22603235699855134
341,1716094113.83645,34200,0.22580276966021118
342,1716094122.295986,34300,0.2255743273934981
343,1716094130.946098,34400,0.2253470244873435
344,1716094139.601327,34500,0.22512085525916295
345,1716094148.06005,34600,0.2248958140547139
346,1716094156.559837,34700,0.22467189524795456
347,1716094165.093312,34800,0.22444909324090306
348,1716094173.771333,34900,0.22422740246349765
349,1716094182.404396,35000,0.22400681737345735
350,1716094192.285872,35100,0.2237873324561434
351,1716094201.990842,35200,0.22356894222442145
352,1716094211.519281,35300,0.22335164121852433
353,1716094220.89993,35400,0.22313542400591557
354,1716094230.448557,35500,0.2229202851811536
355,1716094240.025636,35600,0.22270621936575657
356,1716094249.370974,35700,0.222493221208068
357,1716094258.738327,35800,0.2222812853831228
358,1716094267.985041,35900,0.22207040659251434
359,1716094276.705442,36000,0.22186057956426186
360,1716094285.957662,36100,0.22165179905267873
361,1716094294.493628,36200,0.22144405983824128
362,1716094303.359468,36300,0.2212373567274583
363,1716094311.905657,36400,0.22103168455274136
364,1716094320.418107,36500,0.22082703817227525
365,1716094329.021331,36600,0.22062341246988987
366,1716094337.619563,36700,0.22042080235493205
367,1716094346.095226,36800,0.22021920276213836
368,1716094354.547557,36900,0.22001860865150846
369,1716094363.121206,37000,0.21981901500817916
370,1716094372.54442,37100,0.21962041684229897
371,1716094381.151263,37200,0.2194228091889034
372,1716094390.096103,37300,0.21922618710779082
373,1716094399.518705,37400,0.21903054568339897
374,1716094408.896895,37500,0.21883588002468207
375,1716094418.262124,37600,0.21864218526498846
376,1716094427.989947,37700,0.21844945656193912
377,1716094437.93906,37800,0.2182576890973064
378,1716094447.379306,37900,0.21806687807689368
379,1716094456.821448,38000,0.21787701873041554
380,1716094467.400354,38100,0.21768810631137844
381,1716094476.088041,38200,0.21750013609696203
382,1716094484.698219,38300,0.2173131033879012
383,1716094493.284439,38400,0.21712700350836844
384,1716094501.985498,38500,0.2169418318058571
385,1716094510.493607,38600,0.21675758365106496
386,1716094518.921958,38700,0.21657425443777856
387,1716094527.422038,38800,0.21639183958275798
388,1716094536.137642,38900,0.21621033452562244
389,1716094544.620289,39000,0.21602973472873593
390,1716094554.080669,39100,0.21585003567709424
391,1716094562.71695,39200,0.21567123287821166
392,1716094571.278236,39300,0.2154933218620089
393,1716094579.870524,39400,0.2153162981807013
394,1716094588.821579,39500,0.2151401574086876
395,1716094598.719593,39600,0.21496489514243938
396,1716094608.527263,39700,0.21479050700039076
397,1716094618.156778,39800,0.21461698862282919
398,1716094627.695583,39900,0.21444433567178614
399,1716094638.124975,40000,0.2142725438309289
400,1716094649.029638,40100,0.21410160880545243
401,1716094658.946483,40200,0.2139315263219722
402,1716094668.718526,40300,0.21376229212841732
403,1716094677.656071,40400,0.2135939019939241
404,1716094686.227403,40500,0.21342635170873042
405,1716094695.071853,40600,0.21325963708407042
406,1716094703.763283,40700,0.21309375395206978
407,1716094712.270934,40800,0.21292869816564158
408,1716094720.840863,40900,0.21276446559838255
409,1716094729.668859,41000,0.21260105214446998
410,1716094739.092517,41100,0.212438453718559
411,1716094747.718342,41200,0.21227666625568045
412,1716094756.341252,41300,0.21211568571113942
413,1716094765.12,41400,0.21195550806041383
414,1716094773.762346,41500,0.21179612929905411
415,1716094782.558008,41600,0.2116375454425829
416,1716094791.870669,41700,0.21147975252639556
417,1716094801.407901,41800,0.21132274660566097
418,1716094810.922168,41900,0.21116652375522288
419,1716094820.353583,42000,0.21101108006950195
420,1716094830.994687,42100,0.2108564116623979
421,1716094840.456136,42200,0.21070251466719253
422,1716094849.894412,42300,0.21054938523645295
423,1716094859.502234,42400,0.21039701954193538
424,1716094868.829309,42500,0.21024541377448952
425,1716094877.416289,42600,0.21009456414396332
426,1716094885.976656,42700,0.20994446687910814
427,1716094894.557766,42800,0.20979511822748456
428,1716094903.369272,42900,0.2096465144553685
429,1716094911.859928,43000,0.2094986518476579
430,1716094921.055489,43100,0.2093515267077799
431,1716094929.773809,43200,0.2092051353575983
432,1716094938.560851,43300,0.20905947413732173
433,1716094947.190171,43400,0.20891453940541213
434,1716094955.703955,43500,0.20877032753849364
435,1716094964.266725,43600,0.20862683493126205
436,1716094972.826612,43700,0.20848405799639474
437,1716094981.499372,43800,0.20834199316446086
438,1716094990.548034,43900,0.20820063688383228
439,1716095000.113938,44000,0.20805998562059455
440,1716095010.836291,44100,0.2079200358584588
441,1716095020.240204,44200,0.20778078409867368
442,1716095029.59629,44300,0.20764222685993794
443,1716095039.181292,44400,0.2075043606783134
444,1716095048.616218,44500,0.20736718210713834
445,1716095058.062482,44600,0.20723068771694134
446,1716095067.624244,44700,0.20709487409535554
447,1716095076.435579,44800,0.20695973784703328
448,1716095085.092635,44900,0.20682527559356137
449,1716095093.64709,45000,0.20669148397337644
450,1716095103.109673,45100,0.20655835964168107
451,1716095111.66005,45200,0.20642589927035995
452,1716095120.121965,45300,0.20629409954789696
453,1716095128.843087,45400,0.20616295717929212
454,1716095137.351433,45500,0.20603246888597945
455,1716095145.857657,45600,0.20590263140574477
456,1716095154.516147,45700,0.20577344149264434
457,1716095163.204482,45800,0.2056448959169236
458,1716095171.821951,45900,0.20551699146493643
459,1716095180.462571,46000,0.20538972493906493
460,1716095190.370011,46100,0.20526309315763927
461,1716095200.02454,46200,0.20513709295485832
462,1716095209.694304,46300,0.20501172118071048
463,1716095219.318201,46400,0.20488697470089487
464,1716095228.867174,46500,0.20476285039674297
465,1716095238.688643,46600,0.20463934516514073
466,1716095248.143338,46700,0.2045164559184509
467,1716095257.771687,46800,0.20439417958443595
468,1716095267.439252,46900,0.2042725131061811
469,1716095276.53675,47000,0.20415145344201815
470,1716095285.881806,47100,0.20403099756544912
471,1716095294.491242,47200,0.20391114246507083
472,1716095303.296121,47300,0.20379188514449956
473,1716095311.935247,47400,0.20367322262229606
474,1716095320.547734,47500,0.2035551519318911
475,1716095329.09773,47600,0.20343767012151126
476,1716095337.768676,47700,0.20332077425410516
477,1716095346.317871,47800,0.20320446140727005
478,1716095354.807771,47900,0.2030887286731787
479,1716095363.418085,48000,0.20297357315850673
480,1716095372.689124,48100,0.20285899198436022
481,1716095381.326417,48200,0.2027449822862039
482,1716095390.425322,48300,0.2026315412137894
483,1716095399.906442,48400,0.20251866593108397
484,1716095409.364557,48500,0.20240635361619966
485,1716095418.757251,48600,0.20229460146132272
486,1716095428.207865,48700,0.20218340667264353
487,1716095437.87754,48800,0.20207276647028655
488,1716095447.205828,48900,0.20196267808824092
489,1716095456.564225,49000,0.2018531387742914
490,1716095467.265642,49100,0.20174414578994943
491,1716095476.258325,49200,0.2016356964103847
492,1716095484.87638,49300,0.2015277879243571
493,1716095493.62259,49400,0.20142041763414884
494,1716095502.258201,49500,0.20131358285549708
495,1716095510.782298,49600,0.2012072809175268
496,1716095519.288717,49700,0.20110150916268402
497,1716095527.800403,49800,0.2009962649466693
498,1716095536.640372,49900,0.20089154563837186
499,1716095545.210174,50000,0.20078734861980344
500,1716095554.344124,50100,0.2006836712860332
501,1716095563.02666,50200,0.2005805110451224
502,1716095571.634091,50300,0.2004778653180596
503,1716095580.295436,50400,0.20037573153869634
504,1716095589.327952,50500,0.20027410715368277
505,1716095598.971872,50600,0.20017298962240399
506,1716095608.513278,50700,0.20007237641691644
507,1716095618.154357,50800,0.19997226502188475
508,1716095627.787625,50900,0.19987265293451886
509,1716095637.456918,51000,0.19977353766451134
510,1716095648.296635,51100,0.1996749167339753
511,1716095657.790968,51200,0.19957678767738235
512,1716095667.521553,51300,0.19947914804150096
513,1716095676.51536,51400,0.19938199538533516
514,1716095685.182403,51500,0.19928532728006348
515,1716095693.802313,51600,0.19918914130897822
516,1716095702.442444,51700,0.19909343506742513
517,1716095711.104169,51800,0.1989982061627432
518,1716095719.687146,51900,0.1989034522142048
519,1716095728.377688,52000,0.19880917085295632
520,1716095738.211108,52100,0.1987153597219588
521,1716095746.691369,52200,0.1986220164759291
522,1716095755.149353,52300,0.19852913878128117
523,1716095763.872962,52400,0.19843672431606788
524,1716095772.506172,52500,0.19834477076992268
525,1716095781.292955,52600,0.19825327584400224
526,1716095789.991215,52700,0.19816223725092857
527,1716095798.711042,52800,0.19807165271473212
528,1716095807.376986,52900,0.19798151997079477
529,1716095815.888325,53000,0.19789183676579325
530,1716095825.215492,53100,0.1978026008576427
531,1716095833.857404,53200,0.19771381001544086
532,1716095842.38326,53300,0.19762546201941195
533,1716095850.90158,53400,0.19753755466085154
534,1716095859.552651,53500,0.1974500857420711
535,1716095868.340786,53600,0.19736305307634303
536,1716095876.928584,53700,0.1972764544878462
537,1716095885.531909,53800,0.1971902878116114
538,1716095894.278231,53900,0.1971045508934672
539,1716095902.806164,54000,0.1970192415899862
540,1716095912.03185,54100,0.19693435776843138
541,1716095920.603971,54200,0.19684989730670277
542,1716095929.468291,54300,0.19676585809328442
543,1716095938.039251,54400,0.19668223802719165
544,1716095946.592835,54500,0.1965990350179184
545,1716095955.210413,54600,0.19651624698538514
546,1716095963.887963,54700,0.19643387185988673
547,1716095972.385281,54800,0.19635190758204074
548,1716095980.943678,54900,0.196270352102736
549,1716095989.608121,55000,0.1961892033830812
550,1716095998.975361,55100,0.19610845939435417
551,1716096007.604692,55200,0.196028118117951
552,1716096016.238756,55300,0.19594817754533558
553,1716096024.932714,55400,0.19586863567798943
554,1716096033.540011,55500,0.19578949052736172
555,1716096042.035093,55600,0.19571074011481954
556,1716096050.492384,55700,0.19563238247159853
557,1716096059.172237,55800,0.19555441563875348
558,1716096067.749253,55900,0.19547683766710952
559,1716096076.31173,56000,0.19539964661721335
560,1716096085.579455,56100,0.19532284055928464
561,1716096094.383715,56200,0.19524641757316802
562,1716096102.904658,56300,0.19517037574828477
563,1716096111.430138,56400,0.19509471318358537
564,1716096119.945813,56500,0.19501942798750177
565,1716096128.65101,56600,0.19494451827790008
566,1716096137.179152,56700,0.19486998218203372
567,1716096145.692594,56800,0.19479581783649638
568,1716096154.37489,56900,0.19472202338717556
569,1716096163.095085,57000,0.19464859698920622
570,1716096172.442599,57100,0.19457553680692455
571,1716096181.184754,57200,0.19450284101382218
572,1716096190.000005,57300,0.1944305077925005
573,1716096198.725998,57400,0.19435853533462527
574,1716096207.369511,57500,0.19428692184088123
575,1716096216.049478,57600,0.1942156655209273
576,1716096224.968866,57700,0.1941447645933518
577,1716096233.582213,57800,0.19407421728562785
578,1716096242.165859,57900,0.19400402183406906
579,1716096250.773507,58000,0.19393417648378553
580,1716096260.398966,58100,0.1938646794886398
581,1716096268.968652,58200,0.19379552911120343
582,1716096277.463564,58300,0.19372672362271334
583,1716096286.182251,58400,0.19365826130302877
584,1716096294.903688,58500,0.19359014044058812
585,1716096303.470587,58600,0.1935223593323663
586,1716096312.062305,58700,0.1934549162838321
587,1716096320.899129,58800,0.19338780960890578
588,1716096329.610582,58900,0.19332103762991695
589,1716096338.267598,59000,0.19325459867756267
590,1716096347.564427,59100,0.1931884910908657
591,1716096356.376199,59200,0.19312271321713287
592,1716096364.921722,59300,0.19305726341191395
593,1716096373.518902,59400,0.19299214003896042
594,1716096381.983446,59500,0.19292734147018453
595,1716096390.837326,59600,0.19286286608561867
596,1716096399.49617,59700,0.19279871227337492
597,1716096408.079242,59800,0.19273487842960457
598,1716096416.71729,59900,0.19267136295845827
599,1716096425.453362,60000,0.19260816427204588
600,1716096434.737933,60100,0.19254528079039696
601,1716096443.309446,60200,0.19248271094142122
602,1716096452.164852,60300,0.19242045316086914
603,1716096460.900444,60400,0.192358505892293
604,1716096469.529963,60500,0.19229686758700784
605,1716096478.137142,60600,0.1922355367040528
606,1716096487.028624,60700,0.19217451171015265
607,1716096495.700007,60800,0.19211379107967932
608,1716096504.26912,60900,0.19205337329461392
609,1716096512.876554,61000,0.19199325684450866
610,1716096522.443579,61100,0.19193344022644918
611,1716096531.067389,61200,0.19187392194501687
612,1716096539.635968,61300,0.19181470051225163
613,1716096548.32434,61400,0.19175577444761455
614,1716096557.097094,61500,0.19169714227795095
615,1716096565.668919,61600,0.1916388025374535
616,1716096574.131444,61700,0.1915807537676257
617,1716096582.891749,61800,0.19152299451724525
618,1716096591.579647,61900,0.19146552334232786
619,1716096600.122618,62000,0.19140833880609123
620,1716096609.361702,62100,0.19135143947891892
621,1716096618.179246,62200,0.1912948239383248
622,1716096626.775794,62300,0.1912384907689174
623,1716096635.366176,62400,0.19118243856236458
624,1716096643.945137,62500,0.19112666591735825
625,1716096652.708189,62600,0.19107117143957936
626,1716096661.27485,62700,0.19101595374166305
627,1716096669.760767,62800,0.19096101144316407
628,1716096678.419575,62900,0.19090634317052205
629,1716096687.165425,63000,0.1908519475570273
630,1716096696.362522,63100,0.1907978232427867
631,1716096704.917107,63200,0.19074396887468958
632,1716096713.58424,63300,0.1906903831063739
633,1716096722.329425,63400,0.19063706459819266
634,1716096730.864081,63500,0.1905840120171804
635,1716096739.403031,63600,0.1905312240370198
636,1716096748.113063,63700,0.19047869933800865
637,1716096756.739005,63800,0.1904264366070267
638,1716096765.292199,63900,0.19037443453750297
639,1716096773.817088,64000,0.19032269182938302
640,1716096783.348207,64100,0.19027120718909646
641,1716096791.911495,64200,0.19021997932952456
642,1716096800.487979,64300,0.1901690069699682
643,1716096808.981061,64400,0.19011828883611573
644,1716096817.800455,64500,0.19006782366001115
645,1716096826.351832,64600,0.19001761018002244
646,1716096834.852858,64700,0.18996764714080996
647,1716096843.438576,64800,0.18991793329329518
648,1716096852.132192,64900,0.1898684673946293
649,1716096860.636245,65000,0.18981924820816223
650,1716096870.020678,65100,0.1897702745034118
651,1716096878.705814,65200,0.18972154505603284
652,1716096887.363487,65300,0.1896730586477866
653,1716096895.916685,65400,0.18962481406651036
654,1716096904.531938,65500,0.18957681010608707
655,1716096913.398963,65600,0.18952904556641523
656,1716096922.052454,65700,0.18948151925337886
657,1716096930.598062,65800,0.18943422997881765
658,1716096939.113455,65900,0.18938717656049728
659,1716096947.91241,66000,0.18934035782207984
660,1716096957.175535,66100,0.1892937725930944
661,1716096965.678291,66200,0.18924741970890788
662,1716096974.198295,66300,0.1892012980106957
663,1716096982.935609,66400,0.18915540634541303
664,1716096991.442221,66500,0.18910974356576582
665,1716096999.921837,66600,0.18906430853018225
666,1716097008.430819,66700,0.189019100102784
667,1716097017.01635,66800,0.1889741171533581
668,1716097025.534699,66900,0.18892935855732843
669,1716097033.989063,67000,0.18888482319572775
670,1716097043.390277,67100,0.1888405099551697
671,1716097052.016456,67200,0.188796417727821
672,1716097060.561965,67300,0.18875254541137362
673,1716097069.089265,67400,0.1887088919090174
674,1716097077.920355,67500,0.18866545612941252
675,1716097086.541764,67600,0.18862223698666217
676,1716097095.169569,67700,0.18857923340028557
677,1716097103.86986,67800,0.1885364442951908
678,1716097112.660377,67900,0.18849386860164805
679,1716097121.132346,68000,0.1884515052552627
680,1716097130.296994,68100,0.1884093531969489
681,1716097138.723481,68200,0.18836741137290305
682,1716097147.492698,68300,0.1883256787345773
683,1716097156.007594,68400,0.18828415423865355
684,1716097164.541313,68500,0.18824283684701726
685,1716097173.021075,68600,0.18820172552673142
686,1716097181.822604,68700,0.18816081925001094
687,1716097190.332809,68800,0.18812011699419676
688,1716097198.810646,68900,0.18807961774173035
689,1716097207.321241,69000,0.18803932048012828
690,1716097216.708953,69100,0.18799922420195694
691,1716097225.219758,69200,0.1879593279048073
692,1716097233.764819,69300,0.18791963059126982
693,1716097242.352879,69400,0.18788013126890957
694,1716097251.065263,69500,0.18784082895024148
695,1716097259.599927,69600,0.18780172265270556
696,1716097268.122862,69700,0.18776281139864226
697,1716097276.97327,69800,0.18772409421526826
698,1716097285.61618,69900,0.18768557013465192
699,1716097294.200669,70000,0.18764723819368923
700,1716097303.423926,70100,0.1876090974340797
701,1716097312.239426,70200,0.1875711469023023
702,1716097320.847973,70300,0.18753338564959182
703,1716097329.41977,70400,0.18749581273191493
704,1716097337.989187,70500,0.18745842720994677
705,1716097346.770867,70600,0.18742122814904727
706,1716097355.382432,70700,0.18738421461923804
707,1716097363.939573,70800,0.18734738569517892
708,1716097372.475696,70900,0.18731074045614482
709,1716097381.335375,71000,0.1872742779860029
710,1716097390.557394,71100,0.1872379973731895
711,1716097399.075517,71200,0.1872018977106874
712,1716097407.836481,71300,0.18716597809600316
713,1716097416.46047,71400,0.18713023763114456
714,1716097425.080106,71500,0.1870946754225981
715,1716097433.600639,71600,0.18705929058130674
716,1716097442.289532,71700,0.18702408222264758
717,1716097451.039878,71800,0.18698904946640982
718,1716097459.620973,71900,0.18695419143677272
719,1716097468.101955,72000,0.18691950726228374
720,1716097477.602719,72100,0.18688499607583672
721,1716097486.100409,72200,0.18685065701465017
722,1716097494.660624,72300,0.18681648922024582
723,1716097503.231857,72400,0.186782491838427
724,1716097512.103885,72500,0.18674866401925735
725,1716097520.720541,72600,0.18671500491703974
726,1716097529.290386,72700,0.18668151369029476
727,1716097538.030204,72800,0.18664818950174003
728,1716097546.705402,72900,0.1866150315182691
729,1716097555.269509,73000,0.18658203891093067
730,1716097564.386604,73100,0.18654921085490783
731,1716097573.081356,73200,0.18651654652949748
732,1716097581.750927,73300,0.18648404511808975
733,1716097590.371896,73400,0.18645170580814768
734,1716097598.871797,73500,0.18641952779118687
735,1716097607.661371,73600,0.18638751026275516
736,1716097616.214665,73700,0.18635565242241273
737,1716097624.751563,73800,0.18632395347371186
738,1716097633.25175,73900,0.1862924126241772
739,1716097642.013048,74000,0.18626102908528588
740,1716097651.381034,74100,0.1862298020724478
741,1716097659.93901,74200,0.186198730804986
742,1716097668.597386,74300,0.1861678145061172
743,1716097677.325943,74400,0.18613705240293224
744,1716097685.972749,74500,0.18610644372637702
745,1716097694.575088,74600,0.186075987711233
746,1716097703.253961,74700,0.18604568359609822
747,1716097712.05927,74800,0.18601553062336823
748,1716097720.660428,74900,0.1859855280392171
749,1716097729.326552,75000,0.18595567509357874
750,1716097738.917462,75100,0.1859259710401279
751,1716097747.49414,75200,0.18589641513626168
752,1716097756.03001,75300,0.185867006643081
753,1716097764.606,75400,0.18583774482537196
754,1716097773.424845,75500,0.18580862895158762
755,1716097782.108496,75600,0.18577965829382959
756,1716097790.729348,75700,0.18575083212782992
757,1716097799.352761,75800,0.18572214973293297
758,1716097808.095029,75900,0.18569361039207738
759,1716097816.619034,76000,0.18566521339177813
760,1716097826.096954,76100,0.18563695802210875
761,1716097834.752654,76200,0.1856088435766835
762,1716097843.537554,76300,0.18558086935263982
763,1716097852.073484,76400,0.1855530346506206
764,1716097860.595323,76500,0.18552533877475685
765,1716097869.394824,76600,0.18549778103265027
766,1716097877.997151,76700,0.18547036073535586
767,1716097886.529523,76800,0.18544307719736475
768,1716097895.051112,76900,0.18541592973658705
769,1716097903.648708,77000,0.18538891767433485
770,1716097913.131893,77100,0.18536204033530518
771,1716097921.651745,77200,0.18533529704756319
772,1716097930.153003,77300,0.18530868714252524
773,1716097938.904807,77400,0.18528220995494235
774,1716097947.479261,77500,0.18525586482288345
775,1716097955.987868,77600,0.18522965108771888
776,1716097964.545525,77700,0.18520356809410385
777,1716097973.29878,77800,0.18517761518996223
778,1716097981.881328,77900,0.18515179172647
779,1716097990.435258,78000,0.18512609705803926
780,1716097999.682254,78100,0.18510053054230197
781,1716098008.349119,78200,0.18507509154009388
782,1716098016.834698,78300,0.18504977941543863
783,1716098025.402342,78400,0.18502459353553175
784,1716098034.03354,78500,0.18499953327072496
785,1716098042.902887,78600,0.18497459799451035
786,1716098051.581793,78700,0.18494978708350468
787,1716098060.301181,78800,0.18492509991743392
788,1716098069.142353,78900,0.1849005358791176
789,1716098077.850495,79000,0.18487609435445349
790,1716098087.122718,79100,0.18485177473240222
791,1716098095.697866,79200,0.18482757640497194
792,1716098104.424523,79300,0.18480349876720323
793,1716098113.175421,79400,0.18477954121715387
794,1716098121.739869,79500,0.18475570315588388
795,1716098130.262985,79600,0.18473198398744048
796,1716098139.104445,79700,0.18470838311884324
797,1716098147.626315,79800,0.18468489996006918
798,1716098156.137277,79900,0.18466153392403814
799,1716098164.680677,80000,0.18463828442659797
800,1716098174.107489,80100,0.18461515088651007
801,1716098182.591289,80200,0.18459213272543468
802,1716098191.062914,80300,0.18456922936791662
803,1716098199.560867,80400,0.18454644024137073
804,1716098208.311993,80500,0.18452376477606766
805,1716098216.923055,80600,0.1845012024051196
806,1716098225.418186,80700,0.18447875256446614
807,1716098233.901799,80800,0.18445641469286003
808,1716098242.766925,80900,0.18443418823185334
809,1716098251.248975,81000,0.1844120726257834
810,1716098260.454516,81100,0.18439006732175892
811,1716098269.282847,81200,0.18436817176964612
812,1716098277.936042,81300,0.1843463854220551
813,1716098286.506676,81400,0.18432470773432597
814,1716098295.100423,81500,0.18430313816451543
815,1716098303.70412,81600,0.18428167617338315
816,1716098312.426795,81700,0.18426032122437822
817,1716098320.942706,81800,0.18423907278362578
818,1716098329.65468,81900,0.1842179303199137
819,1716098338.356368,82000,0.1841968933046793
820,1716098347.725348,82100,0.18417596121199614
821,1716098356.257759,82200,0.18415513351856075
822,1716098364.782227,82300,0.18413440970367975
823,1716098373.659026,82400,0.18411378924925667
824,1716098382.257215,82500,0.1840932716397791
825,1716098390.887017,82600,0.1840728563623057
826,1716098399.606415,82700,0.18405254290645345
827,1716098408.232381,82800,0.18403233076438497
828,1716098416.879662,82900,0.18401221943079563
829,1716098425.502642,83000,0.183992208402901
830,1716098434.894881,83100,0.18397229718042438
831,1716098443.736908,83200,0.18395248526558416
832,1716098452.323566,83300,0.18393277216308146
833,1716098460.908574,83400,0.18391315738008765
834,1716098469.633842,83500,0.18389364042623216
835,1716098478.252961,83600,0.1838742208135901
836,1716098486.778111,83700,0.18385489805667019
837,1716098495.303565,83800,0.18383567167240245
838,1716098504.082533,83900,0.1838165411801263
839,1716098512.661592,84000,0.18379750610157844
840,1716098521.908348,84100,0.1837785659608809
841,1716098530.53588,84200,0.1837597202845292
842,1716098539.115663,84300,0.1837409686013804
843,1716098547.626209,84400,0.18372231044264148
844,1716098556.532301,84500,0.18370374534185752
845,1716098565.075985,84600,0.1836852728349
846,1716098573.775973,84700,0.1836668924599553
847,1716098582.257626,84800,0.18364860375751307
848,1716098590.83628,84900,0.18363040627035482
849,1716098599.434742,85000,0.1836122995435424
850,1716098608.692807,85100,0.18359428312440673
851,1716098617.143136,85200,0.18357635656253635
852,1716098625.63044,85300,0.1835585194097663
853,1716098634.260318,85400,0.18354077122016688
854,1716098642.912785,85500,0.18352311155003234
855,1716098651.428635,85600,0.18350553995787006
856,1716098659.92326,85700,0.18348805600438928
857,1716098668.529463,85800,0.1834706592524903
858,1716098677.064481,85900,0.1834533492672534
859,1716098685.617893,86000,0.18343612561592804
860,1716098694.843927,86100,0.18341898786792205
861,1716098703.56888,86200,0.18340193559479082
862,1716098712.162281,86300,0.18338496837022664
863,1716098720.701906,86400,0.183368085770048
864,1716098729.237123,86500,0.18335128737218906
865,1716098738.022235,86600,0.18333457275668896
866,1716098746.691076,86700,0.18331794150568148
867,1716098755.229068,86800,0.18330139320338443
868,1716098763.744709,86900,0.1832849274360894
869,1716098772.555965,87000,0.18326854379215138
870,1716098781.812168,87100,0.1832522418619784
871,1716098790.233149,87200,0.18323602123802135
872,1716098798.88112,87300,0.1832198815147638
873,1716098807.651035,87400,0.18320382228871182
874,1716098816.226224,87500,0.18318784315838393
875,1716098824.738859,87600,0.183171943724301
876,1716098833.456547,87700,0.18315612358897643
877,1716098842.088159,87800,0.18314038235690594
878,1716098850.575353,87900,0.18312471963455793
879,1716098859.07418,88000,0.18310913503036355
880,1716098868.511806,88100,0.18309362815470684
881,1716098877.135196,88200,0.18307819861991514
882,1716098885.787434,88300,0.18306284604024925
883,1716098894.414365,88400,0.1830475700318939
884,1716098903.076504,88500,0.18303237021294808
885,1716098911.605221,88600,0.1830172462034155
886,1716098920.010454,88700,0.18300219762519518
887,1716098928.676768,88800,0.18298722410207183
888,1716098937.407825,88900,0.18297232525970664
889,1716098945.972751,89000,0.18295750072562772
890,1716098955.504827,89100,0.182942750129221
891,1716098963.967476,89200,0.18292807310172077
892,1716098972.701135,89300,0.18291346927620059
893,1716098981.211738,89400,0.18289893828756407
894,1716098989.770234,89500,0.1828844797725357
895,1716098998.48251,89600,0.1828700933696519
896,1716099007.081365,89700,0.18285577871925182
897,1716099015.660296,89800,0.18284153546346846
898,1716099024.170627,89900,0.18282736324621968
899,1716099032.868345,90000,0.1828132617131993
900,1716099042.314231,90100,0.1827992305118683
901,1716099050.851973,90200,0.18278526929144587
902,1716099059.432802,90300,0.1827713777029008
903,1716099068.223242,90400,0.18275755539894264
904,1716099076.793724,90500,0.18274380203401308
905,1716099085.364703,90600,0.1827301172642773
906,1716099093.846176,90700,0.18271650074761528
907,1716099102.668124,90800,0.18270295214361346
908,1716099111.286598,90900,0.18268947111355602
909,1716099119.823884,91000,0.18267605732041647
910,1716099129.117472,91100,0.18266271042884932
911,1716099137.692345,91200,0.18264943010518156
912,1716099146.188235,91300,0.18263621601740443
913,1716099154.657034,91400,0.18262306783516505
914,1716099163.238007,91500,0.18260998522975816
915,1716099171.9135,91600,0.18259696787411794
916,1716099180.308153,91700,0.18258401544280986
917,1716099188.756866,91800,0.1825711276120224
918,1716099197.362355,91900,0.18255830405955917
919,1716099205.75204,92000,0.18254554446483068
920,1716099214.955697,92100,0.18253284850884638
921,1716099223.46108,92200,0.18252021587420672
922,1716099232.201434,92300,0.1825076462450952
923,1716099240.740619,92400,0.18249513930727038
924,1716099249.111623,92500,0.18248269474805823
925,1716099257.620772,92600,0.18247031225634405
926,1716099266.17509,92700,0.18245799152256498
927,1716099274.587545,92800,0.18244573223870197
928,1716099283.127399,92900,0.18243353409827232
929,1716099291.684395,93000,0.18242139679632186
930,1716099301.158202,93100,0.18240932002941743
931,1716099309.61701,93200,0.18239730349563923
932,1716099318.107068,93300,0.18238534689457328
933,1716099326.768526,93400,0.18237344992730392
934,1716099335.329172,93500,0.18236161229640635
935,1716099344.007325,93600,0.1823498337059392
936,1716099352.544215,93700,0.1823381138614371
937,1716099361.180032,93800,0.1823264524699033
938,1716099369.824072,93900,0.18231484923980243
939,1716099378.29535,94000,0.18230330388105312
940,1716099387.440695,94100,0.1822918161050208
941,1716099396.126418,94200,0.18228038562451046
942,1716099404.647839,94300,0.18226901215375949
943,1716099413.21554,94400,0.18225769540843056
944,1716099421.720331,94500,0.18224643510560443
945,1716099430.337892,94600,0.18223523096377295
946,1716099439.109803,94700,0.18222408270283197
947,1716099447.677721,94800,0.1822129900440744
948,1716099456.224916,94900,0.1822019527101832
949,1716099465.119637,95000,0.18219097042522442
950,1716099474.389674,95100,0.1821800429146404
951,1716099482.954411,95200,0.1821691699052428
952,1716099491.518303,95300,0.1821583511252058
953,1716099500.315257,95400,0.1821475863040593
954,1716099508.866872,95500,0.18213687517268232
955,1716099517.361635,95600,0.1821262174632959
956,1716099526.188696,95700,0.18211561290945685
957,1716099534.797251,95800,0.1821050612460507
958,1716099543.380186,95900,0.18209456220928533
959,1716099551.860315,96000,0.1820841155366843
960,1716099561.039907,96100,0.18207372096708024
961,1716099569.704447,96200,0.18206337824060836
962,1716099578.116127,96300,0.18205308709869997
963,1716099586.584912,96400,0.18204284728407596
964,1716099595.275246,96500,0.18203265854074047
965,1716099603.762767,96600,0.18202252061397434
966,1716099612.283766,96700,0.1820124332503289
967,1716099620.820842,96800,0.18200239619761957
968,1716099629.512169,96900,0.18199240920491944
969,1716099638.155813,97000,0.18198247202255322
970,1716099647.38384,97100,0.1819725844020908
971,1716099655.877401,97200,0.1819627460963412
972,1716099664.450798,97300,0.1819529568593462
973,1716099673.052137,97400,0.18194321644637443
974,1716099681.578756,97500,0.181933524613915
975,1716099690.054038,97600,0.18192388111967164
976,1716099698.875065,97700,0.18191428572255647
977,1716099707.347917,97800,0.18190473818268407
978,1716099715.803274,97900,0.18189523826136544
979,1716099724.353039,98000,0.18188578572110206
980,1716099733.47896,98100,0.18187638032557993
981,1716099741.979935,98200,0.18186702183966363
982,1716099750.445011,98300,0.1818577100293906
983,1716099759.094702,98400,0.18184844466196506
984,1716099767.856626,98500,0.18183922550575232
985,1716099776.329627,98600,0.18183005233027305
986,1716099784.919837,98700,0.18182092490619733
987,1716099793.634972,98800,0.1818118430053391
988,1716099802.144261,98900,0.18180280640065039
989,1716099810.631737,99000,0.18179381486621557
990,1716099819.779271,99100,0.18178486817724585
991,1716099828.615224,99200,0.18177596611007352
992,1716099837.237154,99300,0.18176710844214644
993,1716099845.755108,99400,0.18175829495202245
994,1716099854.45562,99500,0.18174952541936382
995,1716099863.070092,99600,0.1817407996249318
996,1716099871.681825,99700,0.1817321173505811
997,1716099880.175385,99800,0.18172347837925437
998,1716099888.711181,99900,0.18171488249497686
999,1716099897.4333,100000,0.18170632948285106
